Budget,UB,Gap,Time
8,371.0,26.619999999999997,7215.61
8,408.0,39.25,7215.42
8,381.0,30.03,7214.76
8,386.0,31.740000000000002,7214.17
8,372.0,26.96,7213.53
10,390.0,33.11,7218.87
10,397.0,35.49,7213.09
10,377.0,28.67,7213.78
10,385.0,31.4,7213.22
10,385.0,31.4,7213.23
12,367.0,25.259999999999998,7216.59
12,293.0,0,2048.26
12,372.0,26.96,7215.59
12,385.0,31.4,7217.56
12,380.0,29.69,7214.0
