Budget,UB,Gap,Time
6,240.0,15.939999999999998,7219.7
6,259.0,25.119999999999997,7218.41
6,253.0,22.220000000000002,7215.26
6,258.0,24.64,7215.71
6,254.0,22.71,7215.48
8,248.0,19.81,7217.12
8,241.0,16.43,7218.65
8,239.0,15.459999999999999,7216.04
8,244.0,17.87,7220.59
8,233.0,12.559999999999999,7216.07
10,188.0,0,0.78
10,181.0,0,0.06
10,225.0,8.7,7218.28
10,241.0,16.43,7221.52
10,247.0,19.32,7218.98
